Hours,Average_Moisture%
9.58,5.180000000000001
23.58,7.260000000000001
